,age_desc_n,MARITAL_STATUS_CODE_n,INCOME_DESC_n,HOMEOWNER_DESC_n,HH_COMP_DESC_n,HOUSEHOLD_SIZE_DESC_n,KID_CATEGORY_DESC_n
count,801.0,801.0,801.0,801.0,801.0,801.0,801.0
mean,3.484394506866417,1.9950062421972534,4.710362047440699,3.6766541822721597,4.033707865168539,2.1972534332084894,1.550561797752809
std,1.2796752182369509,0.92464859877198,2.264620275842686,1.803903210128141,1.7066377353001903,1.1931229806442099,0.956688459734288
min,1.0,1.0,1.0,1.0,1.0,1.0,1.0
25%,3.0,1.0,3.0,1.0,2.0,1.0,1.0
50%,4.0,2.0,5.0,5.0,5.0,2.0,1.0
75%,4.0,3.0,6.0,5.0,5.0,3.0,2.0
max,6.0,3.0,12.0,5.0,6.0,5.0,4.0
